Date,Open,High,Low,Close,Volume,Dividends,Stock Splits,Ticker
2026-09-21 00:00:00-04:00,335.2799987792969,339.6400146484375,333.04998779296875,338.9800109863281,34999200,0.0,0.0,AAPL
2026-09-22 00:00:00-04:00,340.1400146484375,345.3399963378906,338.75,339.75,40711800,0.0,0.0,AAPL
2026-09-23 00:00:00-04:00,341.0799865722656,341.79998779296875,335.5,337.0199890136719,31658800,0.0,0.0,AAPL
2026-09-24 00:00:00-04:00,336.7200012207031,338.9100036621094,334.29998779296875,335.9200134277344,24733100,0.0,0.0,AAPL
2026-09-25 00:00:00-04:00,336.0400085449219,341.6700134277344,334.5299987792969,341.07000732421875,29950100,0.0,0.0,AAPL
2026-09-21 00:00:00-04:00,680.2999877929688,753.0,679.5999755859375,741.25,48720500,0.525,0.0,META
2026-09-22 00:00:00-04:00,731.4000244140625,757.27001953125,730.0,736.5999755859375,28122100,0.0,0.0,META
2026-09-23 00:00:00-04:00,747.5999755859375,763.9000244140625,739.510009765625,744.0999755859375,30829200,0.0,0.0,META
2026-09-24 00:00:00-04:00,744.3599853515625,779.8200073242188,743.010009765625,777.5900268554688,34808500,0.0,0.0,META
2026-09-25 00:00:00-04:00,768.8499755859375,769.5700073242188,746.5399780273438,751.6599731445312,25753100,0.0,0.0,META
2026-09-21 00:00:00-04:00,256.3999938964844,259.489990234375,253.60000610351562,258.45001220703125,42979400,0.0,0.0,AMZN
2026-09-22 00:00:00-04:00,255.11000061035156,259.0,253.77999877929688,254.97999572753906,41982600,0.0,0.0,AMZN
2026-09-23 00:00:00-04:00,253.0,253.99000549316406,247.75999450683594,249.27000427246094,44209200,0.0,0.0,AMZN
2026-09-24 00:00:00-04:00,246.02000427246094,250.42999267578125,245.60000610351562,249.3800048828125,33040100,0.0,0.0,AMZN
2026-09-25 00:00:00-04:00,248.55999755859375,250.8800048828125,247.17999267578125,249.6699981689453,34216300,0.0,0.0,AMZN
2026-09-21 00:00:00-04:00,71.81999969482422,73.87000274658203,71.79000091552734,73.36000061035156,36948000,0.0,0.0,NFLX
2026-09-22 00:00:00-04:00,73.69000244140625,73.76000213623047,71.58000183105469,72.16000366210938,34372500,0.0,0.0,NFLX
2026-09-23 00:00:00-04:00,72.08000183105469,72.37000274658203,71.06999969482422,71.36000061035156,32807500,0.0,0.0,NFLX
2026-09-24 00:00:00-04:00,71.62000274658203,72.04000091552734,71.20999908447266,71.72000122070312,28223900,0.0,0.0,NFLX
2026-09-25 00:00:00-04:00,71.62999725341797,71.83999633789062,70.9800033569336,71.1500015258789,23175700,0.0,0.0,NFLX
2026-09-21 00:00:00-04:00,346.19000244140625,353.29998779296875,344.79998779296875,350.8699951171875,18252200,0.0,0.0,GOOG
2026-09-22 00:00:00-04:00,353.239990234375,359.9800109863281,345.739990234375,347.4100036621094,20165100,0.0,0.0,GOOG
2026-09-23 00:00:00-04:00,346.29998779296875,346.3299865722656,334.20001220703125,334.9800109863281,23283400,0.0,0.0,GOOG
2026-09-24 00:00:00-04:00,333.0,339.30999755859375,332.80999755859375,339.010009765625,15965000,0.0,0.0,GOOG
2026-09-25 00:00:00-04:00,338.92498779296875,343.6000061035156,337.9100036621094,341.0799865722656,13835100,0.0,0.0,GOOG
